{
  "hash": "579c162c",
  "configHash": "5c400787",
  "lockfileHash": "12240400",
  "browserHash": "04df0d3b",
  "optimized": {
    "@angular/common": {
      "src": "../../../../../node_modules/@angular/common/fesm2022/common.mjs",
      "file": "@angular_common.js",
      "fileHash": "9f046a69",
      "needsInterop": false
    },
    "@angular/common/http": {
      "src": "../../../../../node_modules/@angular/common/fesm2022/http.mjs",
      "file": "@angular_common_http.js",
      "fileHash": "b960f5d1",
      "needsInterop": false
    },
    "@angular/core": {
      "src": "../../../../../node_modules/@angular/core/fesm2022/core.mjs",
      "file": "@angular_core.js",
      "fileHash": "b44f8fd7",
      "needsInterop": false
    },
    "@angular/forms": {
      "src": "../../../../../node_modules/@angular/forms/fesm2022/forms.mjs",
      "file": "@angular_forms.js",
      "fileHash": "140b3989",
      "needsInterop": false
    },
    "@angular/material/card": {
      "src": "../../../../../node_modules/@angular/material/fesm2022/card.mjs",
      "file": "@angular_material_card.js",
      "fileHash": "8f10526b",
      "needsInterop": false
    },
    "@angular/material/form-field": {
      "src": "../../../../../node_modules/@angular/material/fesm2022/form-field.mjs",
      "file": "@angular_material_form-field.js",
      "fileHash": "1b966276",
      "needsInterop": false
    },
    "@angular/material/input": {
      "src": "../../../../../node_modules/@angular/material/fesm2022/input.mjs",
      "file": "@angular_material_input.js",
      "fileHash": "96ae0c8a",
      "needsInterop": false
    },
    "@angular/material/progress-bar": {
      "src": "../../../../../node_modules/@angular/material/fesm2022/progress-bar.mjs",
      "file": "@angular_material_progress-bar.js",
      "fileHash": "84af5f1d",
      "needsInterop": false
    },
    "@angular/platform-browser": {
      "src": "../../../../../node_modules/@angular/platform-browser/fesm2022/platform-browser.mjs",
      "file": "@angular_platform-browser.js",
      "fileHash": "6f203a49",
      "needsInterop": false
    },
    "@angular/platform-browser/animations/async": {
      "src": "../../../../../node_modules/@angular/platform-browser/fesm2022/animations/async.mjs",
      "file": "@angular_platform-browser_animations_async.js",
      "fileHash": "26d4e5d0",
      "needsInterop": false
    },
    "@angular/router": {
      "src": "../../../../../node_modules/@angular/router/fesm2022/router.mjs",
      "file": "@angular_router.js",
      "fileHash": "be57f05e",
      "needsInterop": false
    },
    "idb": {
      "src": "../../../../../node_modules/idb/build/index.js",
      "file": "idb.js",
      "fileHash": "b09f8240",
      "needsInterop": false
    },
    "rxjs": {
      "src": "../../../../../node_modules/rxjs/dist/esm5/index.js",
      "file": "rxjs.js",
      "fileHash": "da15f4c4",
      "needsInterop": false
    }
  },
  "chunks": {
    "browser-WXRO5X5A": {
      "file": "browser-WXRO5X5A.js"
    },
    "chunk-MU54HPW2": {
      "file": "chunk-MU54HPW2.js"
    },
    "chunk-OEO6NEMP": {
      "file": "chunk-OEO6NEMP.js"
    },
    "chunk-JQGPGN7J": {
      "file": "chunk-JQGPGN7J.js"
    },
    "chunk-JYTDFV2N": {
      "file": "chunk-JYTDFV2N.js"
    },
    "chunk-6HUHAH7I": {
      "file": "chunk-6HUHAH7I.js"
    },
    "chunk-FEXFPB3N": {
      "file": "chunk-FEXFPB3N.js"
    },
    "chunk-Z53H6UBR": {
      "file": "chunk-Z53H6UBR.js"
    },
    "chunk-TJN53OWH": {
      "file": "chunk-TJN53OWH.js"
    },
    "chunk-WSA2QMXP": {
      "file": "chunk-WSA2QMXP.js"
    },
    "chunk-IVSKKVYG": {
      "file": "chunk-IVSKKVYG.js"
    }
  }
}